Workbook

Sheet Pipeline Calculator
B1: Pipeline Calculator for PE Firms
B3: 1. INPUTS | F3: PIPELINE SUMMARY
B4: Platforms you want to close (next 12 months) | C4: 3 | F4: Total platforms | I4: =C4
B5: Add-ons you want to close (next 12 months) | C5: 6 | F5: Total add-ons | I5: =C5
B6: Qualified owner conversations your team generates today (per month) | C6: 7 | F6: Total deals | I6: =C4+C5
B7: Conversion: Qualified conversation → LOI | C7: 0.2 | F7: Qualified conversations needed per deal | I7: =ROUNDUP(1/(C7*C8),0)
B8: Conversion: LOI → Close | C8: 0.2 | F8: Total qualified conversations needed (annual) | I8: =I6*I7
B9: Only the five shaded cells above are inputs. Everything else is calculated.
B11: 2. CONVERSION ASSUMPTIONS | F11: CURRENT PIPELINE VS TARGET
B12: Stage | C12: Conversion % | D12: Cumulative % | F12: Current qualified conversations per month | I12: =C6
B13: Qualified Conversation → LOI | C13: =C7 | D13: =C7 | F13: Annual run-rate | I13: =C6*12
B14: LOI → Close | C14: =C8 | D14: =C7*C8 | F14: Annual target needed | I14: =I8
B15: Qualified Conversation → Close | D15: =C7*C8 | F15: CONVERSATIONS SHORT (ANNUAL) | I15: =I13-I14
F16: You are ... behind the volume your target requires | I16: =IF(I14=0,0,MAX(0,(I14-I13)/I14))
B18: 3. PIPELINE MATH
B19: METRIC | C19: PER DEAL | E19: ANNUAL TARGET | G19: CURRENT (ANNUAL RUN-RATE)
B20: Qualified Conversations Needed | C20: =I7 | E20: =I8 | G20: =C6*12
B21: LOIs Needed | C21: =ROUNDUP(I7*C7,0) | E21: =ROUNDUP(I8*C7,0) | G21: =ROUND(C6*12*C7,0)
B22: Deals Closed | C22: =ROUND(I7*C7*C8,0) | E22: =I6 | G22: =ROUND(C6*12*C7*C8,0)
B23: ="The sourcing problem is not “we need more deal flow”. It is: “we are "&TEXT(MAX(0,I14-I13),"#,##0")&" qualified owner conversations short of our annual target”. That is "&TEXT(ROUNDUP(MAX(0,I14-I13)/12,0),"0")&" a month more than you generate today, and at the current run-rate you close "&TEXT(ROUND(C6*12*C7*C8,0),"0")&" of the "&TEXT(I6,"0")&" deals you are targeting."
B26: Assumptions are yours to change. If you do not know your own conversion rates, the 20% / 20% defaults are sector-typical for lower-middle-market origination — but they are assumptions, not your numbers. See the Sensitivity tab for how hard the requirement moves when they change, and the Read me tab before you show this to an investment committee.

Sheet Sensitivity
B1: Sensitivity — qualified owner conversations needed annually
B3: ="At your deal target of "&TEXT('Pipeline Calculator'!I6,"0")&" deals "&"("&TEXT('Pipeline Calculator'!C4,"0")&" platforms + "&TEXT('Pipeline Calculator'!C5,"0")&" add-ons)"
B5: CONVERSATIONS NEEDED ANNUALLY
B6: Qualified conversation → LOI | C6: LOI → Close
C7: 0.15 | D7: 0.2 | E7: 0.25 | F7: 0.3 | G7: 0.35
B8: 0.1 | C8: =ROUNDUP(1/(0.1*0.15),0)*'Pipeline Calculator'!$I$6 | D8: =ROUNDUP(1/(0.1*0.2),0)*'Pipeline Calculator'!$I$6 | E8: =ROUNDUP(1/(0.1*0.25),0)*'Pipeline Calculator'!$I$6 | F8: =ROUNDUP(1/(0.1*0.3),0)*'Pipeline Calculator'!$I$6 | G8: =ROUNDUP(1/(0.1*0.35),0)*'Pipeline Calculator'!$I$6
B9: 0.15 | C9: =ROUNDUP(1/(0.15*0.15),0)*'Pipeline Calculator'!$I$6 | D9: =ROUNDUP(1/(0.15*0.2),0)*'Pipeline Calculator'!$I$6 | E9: =ROUNDUP(1/(0.15*0.25),0)*'Pipeline Calculator'!$I$6 | F9: =ROUNDUP(1/(0.15*0.3),0)*'Pipeline Calculator'!$I$6 | G9: =ROUNDUP(1/(0.15*0.35),0)*'Pipeline Calculator'!$I$6
B10: 0.2 | C10: =ROUNDUP(1/(0.2*0.15),0)*'Pipeline Calculator'!$I$6 | D10: =ROUNDUP(1/(0.2*0.2),0)*'Pipeline Calculator'!$I$6 | E10: =ROUNDUP(1/(0.2*0.25),0)*'Pipeline Calculator'!$I$6 | F10: =ROUNDUP(1/(0.2*0.3),0)*'Pipeline Calculator'!$I$6 | G10: =ROUNDUP(1/(0.2*0.35),0)*'Pipeline Calculator'!$I$6
B11: 0.25 | C11: =ROUNDUP(1/(0.25*0.15),0)*'Pipeline Calculator'!$I$6 | D11: =ROUNDUP(1/(0.25*0.2),0)*'Pipeline Calculator'!$I$6 | E11: =ROUNDUP(1/(0.25*0.25),0)*'Pipeline Calculator'!$I$6 | F11: =ROUNDUP(1/(0.25*0.3),0)*'Pipeline Calculator'!$I$6 | G11: =ROUNDUP(1/(0.25*0.35),0)*'Pipeline Calculator'!$I$6
B12: 0.3 | C12: =ROUNDUP(1/(0.3*0.15),0)*'Pipeline Calculator'!$I$6 | D12: =ROUNDUP(1/(0.3*0.2),0)*'Pipeline Calculator'!$I$6 | E12: =ROUNDUP(1/(0.3*0.25),0)*'Pipeline Calculator'!$I$6 | F12: =ROUNDUP(1/(0.3*0.3),0)*'Pipeline Calculator'!$I$6 | G12: =ROUNDUP(1/(0.3*0.35),0)*'Pipeline Calculator'!$I$6
B14: Your current assumptions are highlighted on the Pipeline Calculator tab. Read the table the other way round and it makes the real point: improving conversion is almost always cheaper than tripling origination volume. Moving qualified-conversation-to-LOI from 20% to 25% takes 45 conversations a year off the requirement at a 9-deal target — and that improvement comes from a better-qualified list and better pre-call research, not from more outreach.

Sheet Read me
B1: Pipeline Math Calculator for PE Firms
B3: What this does
B4: Most PE firms set a deal target for the year. Few work backwards to the amount of origination required to hit it. This does that arithmetic.
B6: How to use it
B7: 1. Open the Pipeline Calculator tab.
B8: 2. Change only the five shaded cells: platforms, add-ons, your current qualified owner conversations per month, and your two conversion rates.
B9: 3. Read the blue box. That sentence is the output.
B10: 4. Check the Sensitivity tab before you rely on any of it.
B12: What counts as a qualified owner conversation
B13: A real conversation with somebody who can actually sell the business — the owner or the controlling shareholder, not a general manager and not a gatekeeper. It has to be two-way: an email you sent is not a conversation, and neither is a five-minute call that ended at "send me something".
B14: If you count loosely here, every number in this model flatters you.
B16: About the default conversion rates
... B30: MIT licensed. Do whatever you want with it.
